neighbourhood_cleansed,avg_price,median_price,count,avg_revenue,median_revenue,avg_occupancy,avg_review,superhost_pct,latitude,longitude,revenue_ranking
3M-Bourgailh,65.33,58.0,9,2147.33,0.0,37.33,4.89,22.22,44.8,-0.67,60.0
Ambars-et-Lagrave,100.72,71.0,61,4728.92,1350.0,47.0,4.73,18.03,44.93,-0.49,31.0
Ambs,42.64,37.0,14,1274.57,648.0,28.71,4.76,14.29,45.01,-0.53,61.0
Arago-La Chataigneraie,71.18,58.0,49,4970.9,3900.0,74.78,4.73,48.98,44.79,-0.65,24.0
Arlac,91.91,69.0,68,4248.32,2877.0,63.0,4.85,36.76,44.82,-0.62,45.0
Artigues-Prs-Bordeaux,113.68,68.5,44,4653.41,2280.0,67.95,4.87,36.36,44.86,-0.49,33.0
Bassens,105.21,67.0,24,5148.92,2074.0,41.75,4.73,16.67,44.9,-0.51,22.0
Beaudsert,109.16,70.0,25,7691.24,2160.0,84.64,4.6,16.0,44.84,-0.69,7.0
Beutre,95.24,63.0,25,5762.6,2100.0,84.48,4.88,32.0,44.81,-0.69,17.0
Bgles,94.46,66.0,335,4150.17,1872.0,61.07,4.81,32.24,44.81,-0.56,48.0
Blanquefort,119.15,74.5,84,4413.29,1644.0,60.44,4.81,32.14,44.92,-0.63,42.0
Bordeaux Maritime,100.7,81.0,347,5861.79,2496.0,58.78,4.79,29.11,44.87,-0.56,16.0
Bordeaux Sud,130.98,79.0,903,6874.41,3720.0,75.3,4.74,31.56,44.83,-0.56,9.0
Bouliac,210.76,135.0,41,5331.24,3780.0,60.29,4.69,17.07,44.82,-0.5,19.0
Bourran,100.71,60.0,38,4550.63,1218.0,56.74,4.83,26.32,44.84,-0.63,38.0
Brivazac-Candau,75.3,53.0,27,4305.11,2560.0,66.04,4.89,33.33,44.81,-0.61,43.0
Bruges,114.95,80.0,151,4622.83,2064.0,51.9,4.82,33.11,44.88,-0.6,35.0
Cap de Bos,69.22,59.0,9,8664.89,9828.0,135.33,4.95,66.67,44.79,-0.69,4.0
Capeyron,97.49,72.5,76,3631.18,1748.0,49.38,4.84,25.0,44.85,-0.65,53.0
Carbon-Blanc,79.53,66.0,47,4479.96,1080.0,57.96,4.82,27.66,44.9,-0.51,40.0
Casino,53.6,45.0,5,5150.0,7980.0,121.6,4.86,60.0,44.81,-0.63,21.0
Caudran,149.86,90.0,293,3850.71,1760.0,37.38,4.86,27.65,44.85,-0.61,52.0
Centre ville (Bordeaux),193.84,97.0,1111,10145.36,5000.0,73.92,4.76,32.4,44.84,-0.58,1.0
Centre ville (Merignac),78.13,61.5,90,4638.88,2898.0,72.28,4.82,37.78,44.84,-0.65,34.0
Chartrons - Grand Parc - Jardin Public,150.42,100.0,504,9222.62,5286.0,77.92,4.77,41.47,44.85,-0.58,2.0
Chemin Long,128.92,86.0,38,5196.68,2133.0,52.18,4.65,23.68,44.82,-0.66,20.0
Chiquet-Fontaudin,80.7,46.0,23,4566.61,3472.0,88.04,4.8,26.09,44.8,-0.62,37.0
Eysines,103.13,66.0,141,4429.35,2226.0,55.29,4.77,30.5,44.88,-0.65,41.0
Floirac,93.57,67.5,130,6373.07,3135.0,82.78,4.78,26.15,44.84,-0.53,14.0
France Alouette,88.75,56.0,69,4728.19,2112.0,73.72,4.85,34.78,44.79,-0.67,32.0
Gambetta-Mairie-Lissandre,91.47,63.0,91,4998.58,1848.0,75.44,4.79,36.26,44.85,-0.53,23.0
Gradignan,203.6,71.0,105,4785.2,2000.0,52.87,4.81,28.57,44.77,-0.62,29.0
La Bastide,105.29,77.0,283,6733.14,3300.0,69.2,4.86,38.52,44.85,-0.55,10.0
La Glacire,121.02,73.0,101,5963.93,1260.0,56.09,4.84,32.67,44.83,-0.62,15.0
La Paillre-Compostelle,77.75,74.5,8,2583.75,693.0,39.0,4.9,12.5,44.8,-0.61,59.0
Le Bourg,97.43,61.0,35,6629.26,3744.0,83.03,4.83,48.57,44.81,-0.63,13.0
Le Bouscat,177.85,90.0,234,9131.97,2844.0,60.71,4.84,27.35,44.86,-0.6,3.0
Le Burck,79.92,45.0,12,4568.33,2817.0,70.92,4.74,25.0,44.82,-0.64,36.0
Le Haillan,90.45,69.0,38,4051.74,2145.0,48.13,4.88,13.16,44.88,-0.68,49.0
Le Monteil,91.06,63.0,33,4762.64,2280.0,67.88,4.81,24.24,44.8,-0.66,30.0
Le Taillan-Mdoc,121.39,91.5,70,3354.63,1323.0,34.06,4.79,24.29,44.91,-0.68,54.0
Le Vallon-Les Echoppes,80.83,68.0,23,4288.43,1920.0,63.83,4.75,47.83,44.81,-0.62,44.0
Les Eyquems,72.08,49.5,24,3911.75,1110.0,56.33,4.86,70.83,44.83,-0.65,51.0
Lormont,91.4,62.0,143,5655.97,1824.0,66.15,4.68,31.47,44.87,-0.52,18.0
Magonty,230.69,120.0,29,4229.86,3264.0,36.97,4.85,34.48,44.79,-0.7,47.0
Martignas-sur-Jalle,132.56,96.5,34,3329.24,2508.0,35.18,4.86,29.41,44.84,-0.78,55.0
Nansouty - Saint Gens,99.56,72.0,277,4792.02,1806.0,57.12,4.78,26.35,44.82,-0.57,28.0
Nos,103.94,55.0,17,8351.12,4104.0,85.12,4.74,23.53,44.81,-0.64,6.0
Palmer-Gravires-Cavailles,73.75,62.0,64,4881.42,1863.0,70.05,4.6,26.56,44.86,-0.52,26.0
Parempuyre,114.0,71.5,24,6721.62,3585.0,77.0,4.81,37.5,44.95,-0.6,11.0
Plaisance-Loret-Maregue,72.43,54.0,37,4235.73,1620.0,62.08,4.78,40.54,44.86,-0.51,46.0
Saige,37.53,30.0,17,2659.76,270.0,56.82,4.63,35.29,44.79,-0.63,58.0
Saint Augustin - Tauzin - Alphonse Dupeux,130.62,75.0,354,6968.26,2790.0,74.83,4.76,38.14,44.83,-0.59,8.0
Saint-Aubin-de-Mdoc,175.08,146.5,60,2948.07,1587.0,24.93,4.95,10.0,44.92,-0.73,57.0
Saint-Louis-de-Montferrand,464.0,59.0,6,421.0,354.0,7.0,4.58,0.0,44.96,-0.54,62.0
Saint-Mdard-en-Jalles,124.95,72.0,206,4491.15,2314.0,50.3,4.86,35.44,44.89,-0.73,39.0
Saint-Vincent-de-Paul,122.69,90.0,13,6646.62,3744.0,58.15,4.88,46.15,44.96,-0.47,12.0
Sardine,99.29,52.0,21,3309.24,816.0,53.95,4.85,47.62,44.8,-0.63,56.0
Talence,86.98,60.5,376,4926.42,2460.0,69.95,4.78,30.85,44.81,-0.59,25.0
Toctoucau,214.09,162.0,11,8357.55,1620.0,39.18,4.95,18.18,44.76,-0.73,5.0
Verthamon,90.04,60.0,25,4041.16,1260.0,70.52,4.86,28.0,44.82,-0.61,50.0
Villenave-d'Ornon,86.45,60.0,226,4819.3,2103.0,69.89,4.8,32.3,44.77,-0.57,27.0
